﻿<?xml version="1.0" encoding="utf-8"?>
<deployment>
  <id>825fc1fd-a697-489a-9953-31346b677f94</id>
  <author>N/A</author>
  <deployer>GITHUB_ZIP_DEPLOY</deployer>
  <authorEmail>N/A</authorEmail>
  <message>{"type":"deployment","sha":"ba2a88c21d1a93ffb247f77faf6eb31ac98a6341","repoName":"pyanagiya/web-ui","actor":"pyanagiya","slotName":"Production","commitMessage":"fix: Include node_modules and .next in deployment artifact for App Service"}</message>
  <progress></progress>
  <status>Success</status>
  <statusText></statusText>
  <lastSuccessEndTime>2025-07-15T05:08:55.1495901Z</lastSuccessEndTime>
  <receivedTime>2025-07-15T05:05:16.4100707Z</receivedTime>
  <startTime>2025-07-15T05:05:17.6764656Z</startTime>
  <endTime>2025-07-15T05:08:55.1495901Z</endTime>
  <complete>True</complete>
  <is_temp>False</is_temp>
  <is_readonly>True</is_readonly>
  <buildSummary />
</deployment>