﻿<?xml version="1.0" encoding="utf-8"?>
<deployment>
  <id>484541e3-0e80-4eac-9ed0-eb504884a055</id>
  <author>N/A</author>
  <deployer>GITHUB_ZIP_DEPLOY</deployer>
  <authorEmail>N/A</authorEmail>
  <message>{"type":"deployment","sha":"7db1fc8d9b686e10730b577f3d43e228b7a4713f","repoName":"pyanagiya/web-ui","actor":"pyanagiya","slotName":"Production","commitMessage":"Switch to pre-built deployment approach\n\n- Disable SCM_DO_BUILD_DURING_DEPLOYMENT (false)\n- Enable WEBSITE_RUN_FROM_PACKAGE (1) for zip-based execution\n- Install production dependencies in deployment package\n- Avoid Azure build system issues by using pre-built artifacts"}</message>
  <progress></progress>
  <status>Success</status>
  <statusText></statusText>
  <lastSuccessEndTime>2025-07-15T07:18:44.0320827Z</lastSuccessEndTime>
  <receivedTime>2025-07-15T07:18:41.5787784Z</receivedTime>
  <startTime>2025-07-15T07:18:42.8155977Z</startTime>
  <endTime>2025-07-15T07:18:44.0320827Z</endTime>
  <complete>True</complete>
  <is_temp>False</is_temp>
  <is_readonly>True</is_readonly>
  <buildSummary />
</deployment>