﻿<?xml version="1.0" encoding="utf-8"?>
<deployment>
  <id>23a54189-4925-435d-91f3-cca844e31a9c</id>
  <author>N/A</author>
  <deployer>GITHUB_ZIP_DEPLOY</deployer>
  <authorEmail>N/A</authorEmail>
  <message>{"type":"deployment","sha":"2a1d8be139dc91c1a1e98874cee98c5d89349a50","repoName":"pyanagiya/web-ui","actor":"pyanagiya","slotName":"Production","commitMessage":"docs: Update GitHub Secrets setup guide with Production environment configuration"}</message>
  <progress></progress>
  <status>Success</status>
  <statusText></statusText>
  <lastSuccessEndTime>2025-07-15T01:30:25.7820275Z</lastSuccessEndTime>
  <receivedTime>2025-07-15T01:30:19.0255642Z</receivedTime>
  <startTime>2025-07-15T01:30:20.3915418Z</startTime>
  <endTime>2025-07-15T01:30:25.7820275Z</endTime>
  <complete>True</complete>
  <is_temp>False</is_temp>
  <is_readonly>True</is_readonly>
  <buildSummary />
</deployment>