<step title="Incoming Request" date="2025-07-15T05:05:41.247" instance="0d31d1" url="/api/zipdeploy?isAsync=true&amp;deployer=GITHUB_ZIP_DEPLOY&amp;message=%7B%22type%22%3A%22deployment%22%2C%22sha%22%3A%2276dc948c5dfc87f367bc19e31319ded0f14b5b13%22%2C%22repoName%22%3A%22pyanagiya%2Fweb-ui%22%2C%22actor%22%3A%22pyanagiya%22%2C%22slotName%22%3A%22Production%22%2C%22commitMessage%22%3A%22fix%3A%20Add%20production%20dependencies%20installation%20in%20deploy%20job%22%7D" method="POST" type="request" pid="821,1,21" Host="teios-ai-webui-iymm4la6qt4mo.scm.azurewebsites.net" User-Agent="GITHUBACTIONS_DeployWebAppToAzure_4e6a2630e9303da1851c0d1ad11b68a1432fd8a4815e010102b445b2f37eac45" Authorization="Bea..." Content-Type="application/octet-stream" Cookie="ARRAffinity=0d31d1e3b555b28bd1e1102783713510cb4a14cdd5a5d2b6e8d65e88240d42a3;Path=/;HttpOnly;Secure;Domain=teios-ai-webui-iymm4la6qt4mo.scm.azurewebsites.net; ARRAffinitySameSite=0d31d1e3b555b28bd1e1102783713510cb4a14cdd5a5d2b6e8d65e88240d42a3;Path=/;HttpOnly;SameSite=None;Secure;Domain=teios-ai-webui-iymm4la6qt4mo.scm.azurewebsites.net" Transfer-Encoding="chunked" X-ARR-LOG-ID="8777fea9-b584-430b-b644-e08ce6b1f979" CLIENT-IP="172.184.175.146:62480" X-SITE-DEPLOYMENT-ID="teios-ai-webui-iymm4la6qt4mo" WAS-DEFAULT-HOSTNAME="teios-ai-webui-iymm4la6qt4mo.scm.azurewebsites.net" X-Forwarded-Proto="https" X-AppService-Proto="https" X-Forwarded-TlsVersion="1.3" X-WAWS-Unencoded-URL="/api/zipdeploy?isAsync=true&amp;deployer=GITHUB_ZIP_DEPLOY&amp;message=%7B%22type%22%3A%22deployment%22%2C%22sha%22%3A%2276dc948c5dfc87f367bc19e31319ded0f14b5b13%22%2C%22repoName%22%3A%22pyanagiya%2Fweb-ui%22%2C%22actor%22%3A%22pyanagiya%22%2C%22slotName%22%3A%22Production%22%2C%22commitMessage%22%3A%22fix%3A%20Add%20production%20dependencies%20installation%20in%20deploy%20job%22%7D" X-Client-IP="172.184.175.146" X-Client-Port="62480" >
  <step title="ZipPushDeploy" date="2025-07-15T05:05:41.258" >
    <step title="ZipDeploy. Extract zip." date="2025-07-15T05:05:41.274" /><!-- duration: 3ms -->
    <step title="Starting PushDeployAsync" date="2025-07-15T05:05:41.286" /><!-- duration: 8ms -->
    <step title="Writing artifact to /tmp/zipdeploy/2a3fed54-e0b3-4925-871c-cac7a47d6416.zip" date="2025-07-15T05:05:41.314" >
      <step title="Writing multipart request body to /tmp/zipdeploy/2a3fed54-e0b3-4925-871c-cac7a47d6416.zip" date="2025-07-15T05:05:41.316" /><!-- duration: 17ms -->
    </step><!-- duration: 6507ms -->
    <step title="Start deployment in the background" date="2025-07-15T05:05:47.866" >
      <step title="Acquiring Deployment Lock" date="2025-07-15T05:05:47.970" /><!-- duration: 2ms -->
      <step title="Cannot Acquire Deployment Lock already held" date="2025-07-15T05:05:47.981" /><!-- duration: 9ms -->
    </step><!-- duration: 190ms -->
    <step title="There is a deployment currently in progress. Please try again when it completes." date="2025-07-15T05:05:48.058" /><!-- duration: 18ms -->
  </step><!-- duration: 6820ms -->
  <step title="Outgoing response" date="2025-07-15T05:05:48.114" type="response" statusCode="409" statusText="Conflict" /><!-- duration: 3ms -->
</step><!-- duration: 6890ms -->
