<step title="Incoming Request" date="2025-07-15T05:03:27.368" instance="0d31d1" url="/api/zipdeploy?isAsync=true&amp;deployer=GITHUB_ZIP_DEPLOY&amp;message=%7B%22type%22%3A%22deployment%22%2C%22sha%22%3A%22ba2a88c21d1a93ffb247f77faf6eb31ac98a6341%22%2C%22repoName%22%3A%22pyanagiya%2Fweb-ui%22%2C%22actor%22%3A%22pyanagiya%22%2C%22slotName%22%3A%22Production%22%2C%22commitMessage%22%3A%22fix%3A%20Include%20node_modules%20and%20.next%20in%20deployment%20artifact%20for%20App%20Service%22%7D" method="POST" type="request" pid="821,1,18" Host="teios-ai-webui-iymm4la6qt4mo.scm.azurewebsites.net" User-Agent="GITHUBACTIONS_DeployWebAppToAzure_4e6a2630e9303da1851c0d1ad11b68a1432fd8a4815e010102b445b2f37eac45" Authorization="Bea..." Content-Type="application/octet-stream" Cookie="ARRAffinity=0d31d1e3b555b28bd1e1102783713510cb4a14cdd5a5d2b6e8d65e88240d42a3;Path=/;HttpOnly;Secure;Domain=teios-ai-webui-iymm4la6qt4mo.scm.azurewebsites.net; ARRAffinitySameSite=0d31d1e3b555b28bd1e1102783713510cb4a14cdd5a5d2b6e8d65e88240d42a3;Path=/;HttpOnly;SameSite=None;Secure;Domain=teios-ai-webui-iymm4la6qt4mo.scm.azurewebsites.net" Transfer-Encoding="chunked" X-ARR-LOG-ID="e16619c1-96e9-4d45-ae37-c577c1105c0a" CLIENT-IP="74.249.78.33:61440" X-SITE-DEPLOYMENT-ID="teios-ai-webui-iymm4la6qt4mo" WAS-DEFAULT-HOSTNAME="teios-ai-webui-iymm4la6qt4mo.scm.azurewebsites.net" X-Forwarded-Proto="https" X-AppService-Proto="https" X-Forwarded-TlsVersion="1.3" X-WAWS-Unencoded-URL="/api/zipdeploy?isAsync=true&amp;deployer=GITHUB_ZIP_DEPLOY&amp;message=%7B%22type%22%3A%22deployment%22%2C%22sha%22%3A%22ba2a88c21d1a93ffb247f77faf6eb31ac98a6341%22%2C%22repoName%22%3A%22pyanagiya%2Fweb-ui%22%2C%22actor%22%3A%22pyanagiya%22%2C%22slotName%22%3A%22Production%22%2C%22commitMessage%22%3A%22fix%3A%20Include%20node_modules%20and%20.next%20in%20deployment%20artifact%20for%20App%20Service%22%7D" X-Client-IP="74.249.78.33" X-Client-Port="61440" >
  <step title="Cleanup Xml Logs" date="2025-07-15T05:03:27.377" /><!-- duration: 9ms -->
  <step title="ZipPushDeploy" date="2025-07-15T05:03:27.544" >
    <step title="ZipDeploy. Extract zip." date="2025-07-15T05:03:27.564" /><!-- duration: 2ms -->
    <step title="None repository commit" date="2025-07-15T05:03:27.591" >
      <step title="Commit id: 825fc1fd-a697-489a-9953-31346b677f94" date="2025-07-15T05:03:27.598" Message="N/A" AuthorName="N/A" AuthorEmail="N/A" /><!-- duration: 3ms -->
    </step><!-- duration: 12ms -->
    <step title="Starting PushDeployAsync" date="2025-07-15T05:03:27.606" /><!-- duration: 2ms -->
    <step title="Writing artifact to /tmp/zipdeploy/1bc2ab97-dc5e-458e-94fa-20404dee4294.zip" date="2025-07-15T05:03:27.666" >
      <step title="Writing multipart request body to /tmp/zipdeploy/1bc2ab97-dc5e-458e-94fa-20404dee4294.zip" date="2025-07-15T05:03:27.677" /><!-- duration: 9ms -->
    </step><!-- duration: 8814ms -->
    <step title="Start deployment in the background" date="2025-07-15T05:03:36.519" >
      <step title="Acquiring Deployment Lock" date="2025-07-15T05:03:36.591" /><!-- duration: 2ms -->
      <step title="Acquired Deployment Lock" date="2025-07-15T05:03:36.659" /><!-- duration: 2ms -->
    </step><!-- duration: 249ms -->
  </step><!-- duration: 9243ms -->
  <step title="Outgoing response" date="2025-07-15T05:03:36.805" type="response" statusCode="202" statusText="Accepted" /><!-- duration: 2ms -->
</step><!-- duration: 9445ms -->
