<step title="Incoming Request" date="2025-07-15T05:04:34.455" instance="0d31d1" url="/api/zipdeploy?isAsync=true&amp;deployer=GITHUB_ZIP_DEPLOY&amp;message=%7B%22type%22%3A%22deployment%22%2C%22sha%22%3A%2276dc948c5dfc87f367bc19e31319ded0f14b5b13%22%2C%22repoName%22%3A%22pyanagiya%2Fweb-ui%22%2C%22actor%22%3A%22pyanagiya%22%2C%22slotName%22%3A%22Production%22%2C%22commitMessage%22%3A%22fix%3A%20Add%20production%20dependencies%20installation%20in%20deploy%20job%22%7D" method="POST" type="request" pid="821,1,15" Host="teios-ai-webui-iymm4la6qt4mo.scm.azurewebsites.net" User-Agent="GITHUBACTIONS_DeployWebAppToAzure_4e6a2630e9303da1851c0d1ad11b68a1432fd8a4815e010102b445b2f37eac45" Authorization="Bea..." Content-Type="application/octet-stream" Cookie="ARRAffinity=0d31d1e3b555b28bd1e1102783713510cb4a14cdd5a5d2b6e8d65e88240d42a3;Path=/;HttpOnly;Secure;Domain=teios-ai-webui-iymm4la6qt4mo.scm.azurewebsites.net; ARRAffinitySameSite=0d31d1e3b555b28bd1e1102783713510cb4a14cdd5a5d2b6e8d65e88240d42a3;Path=/;HttpOnly;SameSite=None;Secure;Domain=teios-ai-webui-iymm4la6qt4mo.scm.azurewebsites.net" Transfer-Encoding="chunked" X-ARR-LOG-ID="9aa428bd-f869-417e-b476-2f8e090749c6" CLIENT-IP="172.184.175.146:62482" X-SITE-DEPLOYMENT-ID="teios-ai-webui-iymm4la6qt4mo" WAS-DEFAULT-HOSTNAME="teios-ai-webui-iymm4la6qt4mo.scm.azurewebsites.net" X-Forwarded-Proto="https" X-AppService-Proto="https" X-Forwarded-TlsVersion="1.3" X-WAWS-Unencoded-URL="/api/zipdeploy?isAsync=true&amp;deployer=GITHUB_ZIP_DEPLOY&amp;message=%7B%22type%22%3A%22deployment%22%2C%22sha%22%3A%2276dc948c5dfc87f367bc19e31319ded0f14b5b13%22%2C%22repoName%22%3A%22pyanagiya%2Fweb-ui%22%2C%22actor%22%3A%22pyanagiya%22%2C%22slotName%22%3A%22Production%22%2C%22commitMessage%22%3A%22fix%3A%20Add%20production%20dependencies%20installation%20in%20deploy%20job%22%7D" X-Client-IP="172.184.175.146" X-Client-Port="62482" >
  <step title="ZipPushDeploy" date="2025-07-15T05:04:34.474" >
    <step title="ZipDeploy. Extract zip." date="2025-07-15T05:04:34.479" /><!-- duration: 2ms -->
    <step title="Starting PushDeployAsync" date="2025-07-15T05:04:34.488" /><!-- duration: 2ms -->
    <step title="Writing artifact to /tmp/zipdeploy/db422c4c-71a8-4541-89ec-4dfca31ce723.zip" date="2025-07-15T05:04:34.495" >
      <step title="Writing multipart request body to /tmp/zipdeploy/db422c4c-71a8-4541-89ec-4dfca31ce723.zip" date="2025-07-15T05:04:34.497" /><!-- duration: 2ms -->
    </step><!-- duration: 9410ms -->
    <step title="Start deployment in the background" date="2025-07-15T05:04:43.953" >
      <step title="Acquiring Deployment Lock" date="2025-07-15T05:04:44.003" /><!-- duration: 15ms -->
      <step title="Cannot Acquire Deployment Lock already held" date="2025-07-15T05:04:44.039" /><!-- duration: 3ms -->
    </step><!-- duration: 270ms -->
    <step title="There is a deployment currently in progress. Please try again when it completes." date="2025-07-15T05:04:44.252" /><!-- duration: 8ms -->
  </step><!-- duration: 9795ms -->
  <step title="Outgoing response" date="2025-07-15T05:04:44.271" type="response" statusCode="409" statusText="Conflict" /><!-- duration: 18ms -->
</step><!-- duration: 9847ms -->
