<step title="BackgroundTrace" date="2025-07-15T01:30:15.389" instance="0d31d1" url="/api/zipdeploy" method="POST" >
  <step title="Creating temporary deployment - FetchDeploymentManager" date="2025-07-15T01:30:15.433" /><!-- duration: 2ms -->
  <step title="Creating temporary deployment" date="2025-07-15T01:30:15.437" /><!-- duration: 63ms -->
  <step title="Performing fetch based deployment" date="2025-07-15T01:30:15.545" >
    <step title="Cleaning up temp folders from previous zip deployments and extracting pushed zip file /tmp/zipdeploy/ed22f612-a920-4c46-9464-3e5d2dcbea43.zip (0.19 MB) to /tmp/zipdeploy/extracted" date="2025-07-15T01:30:16.687" >
      <step title="ChmodRecursive Process exited with total time taken in ms: 42" date="2025-07-15T01:30:16.849" /><!-- duration: 3ms -->
    </step><!-- duration: 167ms -->
    <step title="Deployment timer started" date="2025-07-15T01:30:18.877" >
      <step title="DeploymentManager.Deploy(id:23a54189-4925-435d-91f3-cca844e31a9c)" date="2025-07-15T01:30:18.895" >
        <step title="Collecting changeset information" date="2025-07-15T01:30:18.937" /><!-- duration: 164ms -->
        <step title="Updating submodules" date="2025-07-15T01:30:19.113" /><!-- duration: 1140ms -->
        <step title="Determining deployment builder" date="2025-07-15T01:30:20.427" >
          <step title="Builder is BasicBuilder" date="2025-07-15T01:30:20.445" /><!-- duration: 2ms -->
        </step><!-- duration: 25ms -->
        <step title="PreDeployment: context.CleanOutputPath False" date="2025-07-15T01:30:20.494" >
          <step title="PreDeployment: context.OutputPath /home/site/wwwroot" date="2025-07-15T01:30:20.595" >
            <step title="Building" date="2025-07-15T01:30:20.734" >
              <step title="Executing external process" date="2025-07-15T01:30:20.920" type="process" path="starter.sh" arguments="/opt/Kudu/Scripts/parallel_rsync.sh /tmp/zipdeploy/extracted /home/site/wwwroot 8 /tmp/ False True  " /><!-- duration: 4278ms -->
              <step title="Triggering recycle (preview mode disabled)." date="2025-07-15T01:30:25.399" /><!-- duration: 4ms -->
              <step title="Modified file to trigger a restart of the app container." date="2025-07-15T01:30:25.457" /><!-- duration: 2ms -->
              <step title="Skip function trigger and logicapp sync because function is not enabled." date="2025-07-15T01:30:25.469" /><!-- duration: 2ms -->
            </step><!-- duration: 5297ms -->
          </step><!-- duration: 5440ms -->
          <step title="Cleaning up temp files" date="2025-07-15T01:30:26.040" /><!-- duration: 22ms -->
          <step title="Cleaning up temp files" date="2025-07-15T01:30:26.075" /><!-- duration: 531ms -->
          <step title="Reloading status file with latest updates" date="2025-07-15T01:30:26.640" >
            <step title="WebHooksManager.PublishEventAsync: PostDeployment" date="2025-07-15T01:30:26.649" /><!-- duration: 43ms -->
          </step><!-- duration: 56ms -->
          <step title="Cleaning up temporary deployment - fetch deployment was successful" date="2025-07-15T01:30:26.723" /><!-- duration: 4ms -->
        </step><!-- duration: 6334ms -->
      </step><!-- duration: 7960ms -->
