<step title="Incoming Request" date="2025-07-15T00:30:05.389" instance="0d31d1" url="/api/zipdeploy?isAsync=true&amp;deployer=GITHUB_ZIP_DEPLOY&amp;message=%7B%22type%22%3A%22deployment%22%2C%22sha%22%3A%2228c96dd58cef825f20f60597e74fdf849b96661e%22%2C%22repoName%22%3A%22pyanagiya%2Fweb-ui%22%2C%22actor%22%3A%22pyanagiya%22%2C%22slotName%22%3A%22Production%22%2C%22commitMessage%22%3A%22refactor%3A%20Node.js%2018.x%E3%83%9E%E3%83%88%E3%83%AA%E3%83%83%E3%82%AF%E3%82%B9%E3%83%86%E3%82%B9%E3%83%88%E3%82%92%E5%89%8A%E9%99%A4%5Cn%5Cn-%20CI%E3%82%92Node.js%2020.x%E3%81%AE%E3%81%BF%E3%81%AB%E7%B5%B1%E4%B8%80%5Cn-%20%E5%AE%9F%E8%A1%8C%E6%99%82%E9%96%93%E3%81%AE%E7%9F%AD%E7%B8%AE%E3%81%A8%E3%82%B7%E3%83%B3%E3%83%97%E3%83%AB%E5%8C%96%5Cn-%20App%20Service%E3%81%AE%E7%92%B0%E5%A2%83%E3%81%A8%E4%B8%80%E8%87%B4%22%7D" method="POST" type="request" pid="821,1,5" Host="teios-ai-webui-iymm4la6qt4mo.scm.azurewebsites.net" User-Agent="GITHUBACTIONS_DeployWebAppToAzure_4e6a2630e9303da1851c0d1ad11b68a1432fd8a4815e010102b445b2f37eac45" Authorization="Bea..." Content-Type="application/octet-stream" Cookie="ARRAffinity=0d31d1e3b555b28bd1e1102783713510cb4a14cdd5a5d2b6e8d65e88240d42a3;Path=/;HttpOnly;Secure;Domain=teios-ai-webui-iymm4la6qt4mo.scm.azurewebsites.net; ARRAffinitySameSite=0d31d1e3b555b28bd1e1102783713510cb4a14cdd5a5d2b6e8d65e88240d42a3;Path=/;HttpOnly;SameSite=None;Secure;Domain=teios-ai-webui-iymm4la6qt4mo.scm.azurewebsites.net" Transfer-Encoding="chunked" X-ARR-LOG-ID="6848fed0-7429-43a8-9949-9a048fe01a26" CLIENT-IP="48.214.55.65:20480" X-SITE-DEPLOYMENT-ID="teios-ai-webui-iymm4la6qt4mo" WAS-DEFAULT-HOSTNAME="teios-ai-webui-iymm4la6qt4mo.scm.azurewebsites.net" X-Forwarded-Proto="https" X-AppService-Proto="https" X-Forwarded-TlsVersion="1.3" X-WAWS-Unencoded-URL="/api/zipdeploy?isAsync=true&amp;deployer=GITHUB_ZIP_DEPLOY&amp;message=%7B%22type%22%3A%22deployment%22%2C%22sha%22%3A%2228c96dd58cef825f20f60597e74fdf849b96661e%22%2C%22repoName%22%3A%22pyanagiya%2Fweb-ui%22%2C%22actor%22%3A%22pyanagiya%22%2C%22slotName%22%3A%22Production%22%2C%22commitMessage%22%3A%22refactor%3A%20Node.js%2018.x%E3%83%9E%E3%83%88%E3%83%AA%E3%83%83%E3%82%AF%E3%82%B9%E3%83%86%E3%82%B9%E3%83%88%E3%82%92%E5%89%8A%E9%99%A4%5Cn%5Cn-%20CI%E3%82%92Node.js%2020.x%E3%81%AE%E3%81%BF%E3%81%AB%E7%B5%B1%E4%B8%80%5Cn-%20%E5%AE%9F%E8%A1%8C%E6%99%82%E9%96%93%E3%81%AE%E7%9F%AD%E7%B8%AE%E3%81%A8%E3%82%B7%E3%83%B3%E3%83%97%E3%83%AB%E5%8C%96%5Cn-%20App%20Service%E3%81%AE%E7%92%B0%E5%A2%83%E3%81%A8%E4%B8%80%E8%87%B4%22%7D" X-Client-IP="48.214.55.65" X-Client-Port="20480" >
  <step title="ZipPushDeploy" date="2025-07-15T00:30:05.604" >
    <step title="ZipDeploy. Extract zip." date="2025-07-15T00:30:05.624" /><!-- duration: 8ms -->
    <step title="None repository commit" date="2025-07-15T00:30:05.661" >
      <step title="Commit id: 52662dea-5a1a-476e-a298-9d6be343005b" date="2025-07-15T00:30:05.663" Message="N/A" AuthorName="N/A" AuthorEmail="N/A" /><!-- duration: 17ms -->
    </step><!-- duration: 28ms -->
    <step title="Starting PushDeployAsync" date="2025-07-15T00:30:05.692" /><!-- duration: 8ms -->
    <step title="Writing artifact to /tmp/zipdeploy/0e048d11-61c6-4b5b-81ac-b29352e732c6.zip" date="2025-07-15T00:30:05.720" >
      <step title="Writing multipart request body to /tmp/zipdeploy/0e048d11-61c6-4b5b-81ac-b29352e732c6.zip" date="2025-07-15T00:30:05.730" /><!-- duration: 8ms -->
    </step><!-- duration: 311ms -->
    <step title="Start deployment in the background" date="2025-07-15T00:30:06.082" >
      <step title="Acquiring Deployment Lock" date="2025-07-15T00:30:06.156" /><!-- duration: 2ms -->
      <step title="Acquired Deployment Lock" date="2025-07-15T00:30:06.276" /><!-- duration: 9ms -->
    </step><!-- duration: 359ms -->
  </step><!-- duration: 875ms -->
  <step title="Outgoing response" date="2025-07-15T00:30:06.507" type="response" statusCode="202" statusText="Accepted" /><!-- duration: 9ms -->
</step><!-- duration: 1130ms -->
