<step title="BackgroundTrace" date="2025-07-15T05:56:49.182" instance="0d31d1" url="/api/zipdeploy" method="POST" >
  <step title="Creating temporary deployment - FetchDeploymentManager" date="2025-07-15T05:56:49.288" /><!-- duration: 4ms -->
  <step title="Creating temporary deployment" date="2025-07-15T05:56:49.301" /><!-- duration: 76ms -->
  <step title="Performing fetch based deployment" date="2025-07-15T05:56:49.420" >
    <step title="Cleaning up temp folders from previous zip deployments and extracting pushed zip file /tmp/zipdeploy/61749906-0027-4fe1-b2c8-67064361b94c.zip (0.19 MB) to /tmp/zipdeploy/extracted" date="2025-07-15T05:56:50.804" >
      <step title="ChmodRecursive Process exited with total time taken in ms: 47" date="2025-07-15T05:56:51.008" /><!-- duration: 2ms -->
    </step><!-- duration: 222ms -->
    <step title="Deployment timer started" date="2025-07-15T05:56:53.045" >
      <step title="DeploymentManager.Deploy(id:01c54f2d-b9da-408d-a52a-1a7964fd9ef4)" date="2025-07-15T05:56:53.063" >
        <step title="Collecting changeset information" date="2025-07-15T05:56:53.085" /><!-- duration: 95ms -->
        <step title="Updating submodules" date="2025-07-15T05:56:53.186" /><!-- duration: 1120ms -->
        <step title="Determining deployment builder" date="2025-07-15T05:56:54.510" >
          <step title="Builder is OryxBuilder" date="2025-07-15T05:56:54.529" /><!-- duration: 8ms -->
        </step><!-- duration: 31ms -->
        <step title="PreDeployment: context.CleanOutputPath False" date="2025-07-15T05:56:54.605" >
          <step title="PreDeployment: context.OutputPath /home/site/wwwroot" date="2025-07-15T05:56:54.700" >
            <step title="Building" date="2025-07-15T05:56:54.810" >
              <step title="Executing external process" date="2025-07-15T05:56:55.160" type="process" path="bash" arguments="-c &quot;oryx build /tmp/zipdeploy/extracted -o /home/site/wwwroot --platform nodejs --platform-version 20 -p virtualenv_name= --log-file /tmp/build-debug.log  -i /tmp/8ddc36466d10c7a -p compress_node_modules=tar-gz | tee /tmp/oryx-build.log ; exit $PIPESTATUS &quot;" >
                <step title="Cpu: npm install(1453,37.560s)+build.sh(1354,0.040s)+oryx(1332,7.890s)+tee(1333,0.000s)+bash(1331,0.000s)=total(45.480s)" date="2025-07-15T05:58:44.284" /><!-- duration: 18ms -->
                <step title="bash: no io activity for 61s, prev-cpu=-1.000s, current-cpu=45.480s" date="2025-07-15T05:58:44.342" /><!-- duration: 10ms -->
                <step title="Process dump" date="2025-07-15T06:00:39.027" exitCode="1" type="processOutput" /><!-- duration: 10ms -->
              </step><!-- duration: 223905ms -->
              <step title="Error occurred" date="2025-07-15T06:00:39.142" type="error" text="npm notice
npm notice New major version of npm available! 10.8.2 -&gt; 11.4.2
npm notice Changelog: https://github.com/npm/cli/releases/tag/v11.4.2
npm notice To update run: npm install -g npm@11.4.2
npm notice
Failed to compile.

app/layout.tsx
An error occurred in `next/font`.

Error: Cannot find module &apos;tailwindcss&apos;
Require stack:
- /tmp/8ddc36466d10c7a/node_modules/next/dist/build/webpack/config/blocks/css/plugins.js
- /tmp/8ddc36466d10c7a/node_modules/next/dist/build/webpack/config/blocks/css/index.js
- /tmp/8ddc36466d10c7a/node_modules/next/dist/build/webpack/config/index.js
- /tmp/8ddc36466d10c7a/node_modules/next/dist/build/webpack-config.js
- /tmp/8ddc36466d10c7a/node_modules/next/dist/build/webpack-build/impl.js
- /tmp/8ddc36466d10c7a/node_modules/next/dist/compiled/jest-worker/processChild.js
    at Module._resolveFilename (node:internal/modules/cjs/loader:1212:15)
    at /tmp/8ddc36466d10c7a/node_modules/next/dist/server/require-hook.js:55:36
    at Function.resolve (node:internal/modules/helpers:193:19)
    at loadPlugin (/tmp/8ddc36466d10c7a/node_modules/next/dist/build/webpack/config/blocks/css/plugins.js:49:32)
    at /tmp/8ddc36466d10c7a/node_modules/next/dist/build/webpack/config/blocks/css/plugins.js:157:56
    at Array.map (&lt;anonymous&gt;)
    at getPostCssPlugins (/tmp/8ddc36466d10c7a/node_modules/next/dist/build/webpack/config/blocks/css/plugins.js:157:47)
    at async /tmp/8ddc36466d10c7a/node_modules/next/dist/build/webpack/config/blocks/css/index.js:124:36
    at async /tmp/8ddc36466d10c7a/node_modules/next/dist/build/webpack/loaders/next-font-loader/index.js:86:33
    at async Span.traceAsyncFn (/tmp/8ddc36466d10c7a/node_modules/next/dist/trace/trace.js:154:20)

./app/components/TEIOSApp.tsx
Module not found: Can&apos;t resolve &apos;@/contexts/AuthContext&apos;

https://nextjs.org/docs/messages/module-not-found

Import trace for requested module:
./app/page.tsx

./app/forgot-password/page.tsx
Module not found: Can&apos;t resolve &apos;@/components/ui/card&apos;

https://nextjs.org/docs/messages/module-not-found

./app/forgot-password/page.tsx
Module not found: Can&apos;t resolve &apos;@/components/ui/button&apos;

https://nextjs.org/docs/messages/module-not-found

./app/forgot-password/page.tsx
Module not found: Can&apos;t resolve &apos;@/components/ui/alert&apos;

https://nextjs.org/docs/messages/module-not-found


&gt; Build failed because of webpack errors
/bin/bash -c &quot;oryx build /tmp/zipdeploy/extracted -o /home/site/wwwroot --platform nodejs --platform-version 20 -p virtualenv_name= --log-file /tmp/build-debug.log  -i /tmp/8ddc36466d10c7a -p compress_node_modules=tar-gz | tee /tmp/oryx-build.log ; exit $PIPESTATUS &quot;" stackTrace="   at Kudu.Core.Infrastructure.Executable.ExecuteInternal(ITracer tracer, Func`2 onWriteOutput, Func`2 onWriteError, CancellationToken token, Encoding encoding, String arguments, Object[] args) in /tmp/KuduLite/Kudu.Core/Infrastructure/Executable.cs:line 239
   at Kudu.Core.Infrastructure.Executable.ExecuteWithProgressWriter(ILogger logger, ITracer tracer, CancellationToken token, String arguments, Object[] args) in /tmp/KuduLite/Kudu.Core/Infrastructure/Executable.cs:line 118
   at Kudu.Core.Deployment.Generator.ExternalCommandBuilder.RunCommand(DeploymentContext context, String command, Boolean ignoreManifest, CancellationToken token, String message) in /tmp/KuduLite/Kudu.Core/Deployment/Generator/ExternalCommandBuilder.cs:line 122" /><!-- duration: 3ms -->
              <step title="Error occurred" date="2025-07-15T06:00:39.176" type="error" text="npm notice
npm notice New major version of npm available! 10.8.2 -&gt; 11.4.2
npm notice Changelog: https://github.com/npm/cli/releases/tag/v11.4.2
npm notice To update run: npm install -g npm@11.4.2
npm notice
Failed to compile.

app/layout.tsx
An error occurred in `next/font`.

Error: Cannot find module &apos;tailwindcss&apos;
Require stack:
- /tmp/8ddc36466d10c7a/node_modules/next/dist/build/webpack/config/blocks/css/plugins.js
- /tmp/8ddc36466d10c7a/node_modules/next/dist/build/webpack/config/blocks/css/index.js
- /tmp/8ddc36466d10c7a/node_modules/next/dist/build/webpack/config/index.js
- /tmp/8ddc36466d10c7a/node_modules/next/dist/build/webpack-config.js
- /tmp/8ddc36466d10c7a/node_modules/next/dist/build/webpack-build/impl.js
- /tmp/8ddc36466d10c7a/node_modules/next/dist/compiled/jest-worker/processChild.js
    at Module._resolveFilename (node:internal/modules/cjs/loader:1212:15)
    at /tmp/8ddc36466d10c7a/node_modules/next/dist/server/require-hook.js:55:36
    at Function.resolve (node:internal/modules/helpers:193:19)
    at loadPlugin (/tmp/8ddc36466d10c7a/node_modules/next/dist/build/webpack/config/blocks/css/plugins.js:49:32)
    at /tmp/8ddc36466d10c7a/node_modules/next/dist/build/webpack/config/blocks/css/plugins.js:157:56
    at Array.map (&lt;anonymous&gt;)
    at getPostCssPlugins (/tmp/8ddc36466d10c7a/node_modules/next/dist/build/webpack/config/blocks/css/plugins.js:157:47)
    at async /tmp/8ddc36466d10c7a/node_modules/next/dist/build/webpack/config/blocks/css/index.js:124:36
    at async /tmp/8ddc36466d10c7a/node_modules/next/dist/build/webpack/loaders/next-font-loader/index.js:86:33
    at async Span.traceAsyncFn (/tmp/8ddc36466d10c7a/node_modules/next/dist/trace/trace.js:154:20)

./app/components/TEIOSApp.tsx
Module not found: Can&apos;t resolve &apos;@/contexts/AuthContext&apos;

https://nextjs.org/docs/messages/module-not-found

Import trace for requested module:
./app/page.tsx

./app/forgot-password/page.tsx
Module not found: Can&apos;t resolve &apos;@/components/ui/card&apos;

https://nextjs.org/docs/messages/module-not-found

./app/forgot-password/page.tsx
Module not found: Can&apos;t resolve &apos;@/components/ui/button&apos;

https://nextjs.org/docs/messages/module-not-found

./app/forgot-password/page.tsx
Module not found: Can&apos;t resolve &apos;@/components/ui/alert&apos;

https://nextjs.org/docs/messages/module-not-found


&gt; Build failed because of webpack errors
/bin/bash -c &quot;oryx build /tmp/zipdeploy/extracted -o /home/site/wwwroot --platform nodejs --platform-version 20 -p virtualenv_name= --log-file /tmp/build-debug.log  -i /tmp/8ddc36466d10c7a -p compress_node_modules=tar-gz | tee /tmp/oryx-build.log ; exit $PIPESTATUS &quot;" stackTrace="   at Kudu.Core.Infrastructure.Executable.ExecuteInternal(ITracer tracer, Func`2 onWriteOutput, Func`2 onWriteError, CancellationToken token, Encoding encoding, String arguments, Object[] args) in /tmp/KuduLite/Kudu.Core/Infrastructure/Executable.cs:line 239
   at Kudu.Core.Infrastructure.Executable.ExecuteWithProgressWriter(ILogger logger, ITracer tracer, CancellationToken token, String arguments, Object[] args) in /tmp/KuduLite/Kudu.Core/Infrastructure/Executable.cs:line 118
   at Kudu.Core.Deployment.Generator.ExternalCommandBuilder.RunCommand(DeploymentContext context, String command, Boolean ignoreManifest, CancellationToken token, String message) in /tmp/KuduLite/Kudu.Core/Deployment/Generator/ExternalCommandBuilder.cs:line 122
   at Kudu.Core.Deployment.Generator.OryxBuilder.RunBuildCommand(IOryxArguments args, DeploymentContext context, CancellationToken token) in /tmp/KuduLite/Kudu.Core/Deployment/Generator/OryxBuilder.cs:line 282
   at Kudu.Core.Deployment.Generator.OryxBuilder.Build(DeploymentContext context, CancellationToken token) in /tmp/KuduLite/Kudu.Core/Deployment/Generator/OryxBuilder.cs:line 123
   at Kudu.Core.Deployment.DeploymentManager.Build(ChangeSet changeSet, ITracer tracer, IDisposable deployStep, IRepository repository, DeploymentInfoBase deploymentInfo, DeploymentAnalytics deploymentAnalytics, Boolean fullBuildByDefault, CancellationToken cancellationToken) in /tmp/KuduLite/Kudu.Core/Deployment/DeploymentManager.cs:line 771" /><!-- duration: 4ms -->
              <step title="Using GenericDeploymentLogParser" date="2025-07-15T06:00:39.394" /><!-- duration: 9ms -->
            </step><!-- duration: 225473ms -->
          </step><!-- duration: 225589ms -->
          <step title="Error occurred" date="2025-07-15T06:00:40.298" type="error" text="npm notice
npm notice New major version of npm available! 10.8.2 -&gt; 11.4.2
npm notice Changelog: https://github.com/npm/cli/releases/tag/v11.4.2
npm notice To update run: npm install -g npm@11.4.2
npm notice
Failed to compile.

app/layout.tsx
An error occurred in `next/font`.

Error: Cannot find module &apos;tailwindcss&apos;
Require stack:
- /tmp/8ddc36466d10c7a/node_modules/next/dist/build/webpack/config/blocks/css/plugins.js
- /tmp/8ddc36466d10c7a/node_modules/next/dist/build/webpack/config/blocks/css/index.js
- /tmp/8ddc36466d10c7a/node_modules/next/dist/build/webpack/config/index.js
- /tmp/8ddc36466d10c7a/node_modules/next/dist/build/webpack-config.js
- /tmp/8ddc36466d10c7a/node_modules/next/dist/build/webpack-build/impl.js
- /tmp/8ddc36466d10c7a/node_modules/next/dist/compiled/jest-worker/processChild.js
    at Module._resolveFilename (node:internal/modules/cjs/loader:1212:15)
    at /tmp/8ddc36466d10c7a/node_modules/next/dist/server/require-hook.js:55:36
    at Function.resolve (node:internal/modules/helpers:193:19)
    at loadPlugin (/tmp/8ddc36466d10c7a/node_modules/next/dist/build/webpack/config/blocks/css/plugins.js:49:32)
    at /tmp/8ddc36466d10c7a/node_modules/next/dist/build/webpack/config/blocks/css/plugins.js:157:56
    at Array.map (&lt;anonymous&gt;)
    at getPostCssPlugins (/tmp/8ddc36466d10c7a/node_modules/next/dist/build/webpack/config/blocks/css/plugins.js:157:47)
    at async /tmp/8ddc36466d10c7a/node_modules/next/dist/build/webpack/config/blocks/css/index.js:124:36
    at async /tmp/8ddc36466d10c7a/node_modules/next/dist/build/webpack/loaders/next-font-loader/index.js:86:33
    at async Span.traceAsyncFn (/tmp/8ddc36466d10c7a/node_modules/next/dist/trace/trace.js:154:20)

./app/components/TEIOSApp.tsx
Module not found: Can&apos;t resolve &apos;@/contexts/AuthContext&apos;

https://nextjs.org/docs/messages/module-not-found

Import trace for requested module:
./app/page.tsx

./app/forgot-password/page.tsx
Module not found: Can&apos;t resolve &apos;@/components/ui/card&apos;

https://nextjs.org/docs/messages/module-not-found

./app/forgot-password/page.tsx
Module not found: Can&apos;t resolve &apos;@/components/ui/button&apos;

https://nextjs.org/docs/messages/module-not-found

./app/forgot-password/page.tsx
Module not found: Can&apos;t resolve &apos;@/components/ui/alert&apos;

https://nextjs.org/docs/messages/module-not-found


&gt; Build failed because of webpack errors
/bin/bash -c &quot;oryx build /tmp/zipdeploy/extracted -o /home/site/wwwroot --platform nodejs --platform-version 20 -p virtualenv_name= --log-file /tmp/build-debug.log  -i /tmp/8ddc36466d10c7a -p compress_node_modules=tar-gz | tee /tmp/oryx-build.log ; exit $PIPESTATUS &quot;" stackTrace="   at Kudu.Core.Infrastructure.Executable.ExecuteInternal(ITracer tracer, Func`2 onWriteOutput, Func`2 onWriteError, CancellationToken token, Encoding encoding, String arguments, Object[] args) in /tmp/KuduLite/Kudu.Core/Infrastructure/Executable.cs:line 239
   at Kudu.Core.Infrastructure.Executable.ExecuteWithProgressWriter(ILogger logger, ITracer tracer, CancellationToken token, String arguments, Object[] args) in /tmp/KuduLite/Kudu.Core/Infrastructure/Executable.cs:line 118
   at Kudu.Core.Deployment.Generator.ExternalCommandBuilder.RunCommand(DeploymentContext context, String command, Boolean ignoreManifest, CancellationToken token, String message) in /tmp/KuduLite/Kudu.Core/Deployment/Generator/ExternalCommandBuilder.cs:line 122
   at Kudu.Core.Deployment.Generator.OryxBuilder.RunBuildCommand(IOryxArguments args, DeploymentContext context, CancellationToken token) in /tmp/KuduLite/Kudu.Core/Deployment/Generator/OryxBuilder.cs:line 282
   at Kudu.Core.Deployment.Generator.OryxBuilder.Build(DeploymentContext context, CancellationToken token) in /tmp/KuduLite/Kudu.Core/Deployment/Generator/OryxBuilder.cs:line 123
   at Kudu.Core.Deployment.DeploymentManager.Build(ChangeSet changeSet, ITracer tracer, IDisposable deployStep, IRepository repository, DeploymentInfoBase deploymentInfo, DeploymentAnalytics deploymentAnalytics, Boolean fullBuildByDefault, CancellationToken cancellationToken) in /tmp/KuduLite/Kudu.Core/Deployment/DeploymentManager.cs:line 771
   at Kudu.Core.Deployment.DeploymentManager.Build(ChangeSet changeSet, ITracer tracer, IDisposable deployStep, IRepository repository, DeploymentInfoBase deploymentInfo, DeploymentAnalytics deploymentAnalytics, Boolean fullBuildByDefault, CancellationToken cancellationToken) in /tmp/KuduLite/Kudu.Core/Deployment/DeploymentManager.cs:line 840" /><!-- duration: 3ms -->
          <step title="Cleaning up temp files" date="2025-07-15T06:00:40.329" /><!-- duration: 4283ms -->
          <step title="Cleaning up temp files" date="2025-07-15T06:00:44.627" /><!-- duration: 514ms -->
          <step title="Error occurred" date="2025-07-15T06:00:45.181" type="error" text="npm notice
npm notice New major version of npm available! 10.8.2 -&gt; 11.4.2
npm notice Changelog: https://github.com/npm/cli/releases/tag/v11.4.2
npm notice To update run: npm install -g npm@11.4.2
npm notice
Failed to compile.

app/layout.tsx
An error occurred in `next/font`.

Error: Cannot find module &apos;tailwindcss&apos;
Require stack:
- /tmp/8ddc36466d10c7a/node_modules/next/dist/build/webpack/config/blocks/css/plugins.js
- /tmp/8ddc36466d10c7a/node_modules/next/dist/build/webpack/config/blocks/css/index.js
- /tmp/8ddc36466d10c7a/node_modules/next/dist/build/webpack/config/index.js
- /tmp/8ddc36466d10c7a/node_modules/next/dist/build/webpack-config.js
- /tmp/8ddc36466d10c7a/node_modules/next/dist/build/webpack-build/impl.js
- /tmp/8ddc36466d10c7a/node_modules/next/dist/compiled/jest-worker/processChild.js
    at Module._resolveFilename (node:internal/modules/cjs/loader:1212:15)
    at /tmp/8ddc36466d10c7a/node_modules/next/dist/server/require-hook.js:55:36
    at Function.resolve (node:internal/modules/helpers:193:19)
    at loadPlugin (/tmp/8ddc36466d10c7a/node_modules/next/dist/build/webpack/config/blocks/css/plugins.js:49:32)
    at /tmp/8ddc36466d10c7a/node_modules/next/dist/build/webpack/config/blocks/css/plugins.js:157:56
    at Array.map (&lt;anonymous&gt;)
    at getPostCssPlugins (/tmp/8ddc36466d10c7a/node_modules/next/dist/build/webpack/config/blocks/css/plugins.js:157:47)
    at async /tmp/8ddc36466d10c7a/node_modules/next/dist/build/webpack/config/blocks/css/index.js:124:36
    at async /tmp/8ddc36466d10c7a/node_modules/next/dist/build/webpack/loaders/next-font-loader/index.js:86:33
    at async Span.traceAsyncFn (/tmp/8ddc36466d10c7a/node_modules/next/dist/trace/trace.js:154:20)

./app/components/TEIOSApp.tsx
Module not found: Can&apos;t resolve &apos;@/contexts/AuthContext&apos;

https://nextjs.org/docs/messages/module-not-found

Import trace for requested module:
./app/page.tsx

./app/forgot-password/page.tsx
Module not found: Can&apos;t resolve &apos;@/components/ui/card&apos;

https://nextjs.org/docs/messages/module-not-found

./app/forgot-password/page.tsx
Module not found: Can&apos;t resolve &apos;@/components/ui/button&apos;

https://nextjs.org/docs/messages/module-not-found

./app/forgot-password/page.tsx
Module not found: Can&apos;t resolve &apos;@/components/ui/alert&apos;

https://nextjs.org/docs/messages/module-not-found


&gt; Build failed because of webpack errors
/bin/bash -c &quot;oryx build /tmp/zipdeploy/extracted -o /home/site/wwwroot --platform nodejs --platform-version 20 -p virtualenv_name= --log-file /tmp/build-debug.log  -i /tmp/8ddc36466d10c7a -p compress_node_modules=tar-gz | tee /tmp/oryx-build.log ; exit $PIPESTATUS &quot;" stackTrace="   at Kudu.Core.Infrastructure.Executable.ExecuteInternal(ITracer tracer, Func`2 onWriteOutput, Func`2 onWriteError, CancellationToken token, Encoding encoding, String arguments, Object[] args) in /tmp/KuduLite/Kudu.Core/Infrastructure/Executable.cs:line 239
   at Kudu.Core.Infrastructure.Executable.ExecuteWithProgressWriter(ILogger logger, ITracer tracer, CancellationToken token, String arguments, Object[] args) in /tmp/KuduLite/Kudu.Core/Infrastructure/Executable.cs:line 118
   at Kudu.Core.Deployment.Generator.ExternalCommandBuilder.RunCommand(DeploymentContext context, String command, Boolean ignoreManifest, CancellationToken token, String message) in /tmp/KuduLite/Kudu.Core/Deployment/Generator/ExternalCommandBuilder.cs:line 122
   at Kudu.Core.Deployment.Generator.OryxBuilder.RunBuildCommand(IOryxArguments args, DeploymentContext context, CancellationToken token) in /tmp/KuduLite/Kudu.Core/Deployment/Generator/OryxBuilder.cs:line 282
   at Kudu.Core.Deployment.Generator.OryxBuilder.Build(DeploymentContext context, CancellationToken token) in /tmp/KuduLite/Kudu.Core/Deployment/Generator/OryxBuilder.cs:line 123
   at Kudu.Core.Deployment.DeploymentManager.Build(ChangeSet changeSet, ITracer tracer, IDisposable deployStep, IRepository repository, DeploymentInfoBase deploymentInfo, DeploymentAnalytics deploymentAnalytics, Boolean fullBuildByDefault, CancellationToken cancellationToken) in /tmp/KuduLite/Kudu.Core/Deployment/DeploymentManager.cs:line 771
   at Kudu.Core.Deployment.DeploymentManager.Build(ChangeSet changeSet, ITracer tracer, IDisposable deployStep, IRepository repository, DeploymentInfoBase deploymentInfo, DeploymentAnalytics deploymentAnalytics, Boolean fullBuildByDefault, CancellationToken cancellationToken) in /tmp/KuduLite/Kudu.Core/Deployment/DeploymentManager.cs:line 840
   at Kudu.Core.Deployment.DeploymentManager.DeployAsync(IRepository repository, ChangeSet changeSet, String deployer, Boolean clean, DeploymentInfoBase deploymentInfo, Boolean needFileUpdate, Boolean fullBuildByDefault) in /tmp/KuduLite/Kudu.Core/Deployment/DeploymentManager.cs:line 266" /><!-- duration: 3ms -->
        </step><!-- duration: 230589ms -->
        <step title="Reloading status file with latest updates" date="2025-07-15T06:00:45.222" >
          <step title="WebHooksManager.PublishEventAsync: PostDeployment" date="2025-07-15T06:00:45.225" /><!-- duration: 82ms -->
        </step><!-- duration: 88ms -->
        <step title="Error occurred" date="2025-07-15T06:00:45.313" type="error" text="npm notice
npm notice New major version of npm available! 10.8.2 -&gt; 11.4.2
npm notice Changelog: https://github.com/npm/cli/releases/tag/v11.4.2
npm notice To update run: npm install -g npm@11.4.2
npm notice
Failed to compile.

app/layout.tsx
An error occurred in `next/font`.

Error: Cannot find module &apos;tailwindcss&apos;
Require stack:
- /tmp/8ddc36466d10c7a/node_modules/next/dist/build/webpack/config/blocks/css/plugins.js
- /tmp/8ddc36466d10c7a/node_modules/next/dist/build/webpack/config/blocks/css/index.js
- /tmp/8ddc36466d10c7a/node_modules/next/dist/build/webpack/config/index.js
- /tmp/8ddc36466d10c7a/node_modules/next/dist/build/webpack-config.js
- /tmp/8ddc36466d10c7a/node_modules/next/dist/build/webpack-build/impl.js
- /tmp/8ddc36466d10c7a/node_modules/next/dist/compiled/jest-worker/processChild.js
    at Module._resolveFilename (node:internal/modules/cjs/loader:1212:15)
    at /tmp/8ddc36466d10c7a/node_modules/next/dist/server/require-hook.js:55:36
    at Function.resolve (node:internal/modules/helpers:193:19)
    at loadPlugin (/tmp/8ddc36466d10c7a/node_modules/next/dist/build/webpack/config/blocks/css/plugins.js:49:32)
    at /tmp/8ddc36466d10c7a/node_modules/next/dist/build/webpack/config/blocks/css/plugins.js:157:56
    at Array.map (&lt;anonymous&gt;)
    at getPostCssPlugins (/tmp/8ddc36466d10c7a/node_modules/next/dist/build/webpack/config/blocks/css/plugins.js:157:47)
    at async /tmp/8ddc36466d10c7a/node_modules/next/dist/build/webpack/config/blocks/css/index.js:124:36
    at async /tmp/8ddc36466d10c7a/node_modules/next/dist/build/webpack/loaders/next-font-loader/index.js:86:33
    at async Span.traceAsyncFn (/tmp/8ddc36466d10c7a/node_modules/next/dist/trace/trace.js:154:20)

./app/components/TEIOSApp.tsx
Module not found: Can&apos;t resolve &apos;@/contexts/AuthContext&apos;

https://nextjs.org/docs/messages/module-not-found

Import trace for requested module:
./app/page.tsx

./app/forgot-password/page.tsx
Module not found: Can&apos;t resolve &apos;@/components/ui/card&apos;

https://nextjs.org/docs/messages/module-not-found

./app/forgot-password/page.tsx
Module not found: Can&apos;t resolve &apos;@/components/ui/button&apos;

https://nextjs.org/docs/messages/module-not-found

./app/forgot-password/page.tsx
Module not found: Can&apos;t resolve &apos;@/components/ui/alert&apos;

https://nextjs.org/docs/messages/module-not-found


&gt; Build failed because of webpack errors
/bin/bash -c &quot;oryx build /tmp/zipdeploy/extracted -o /home/site/wwwroot --platform nodejs --platform-version 20 -p virtualenv_name= --log-file /tmp/build-debug.log  -i /tmp/8ddc36466d10c7a -p compress_node_modules=tar-gz | tee /tmp/oryx-build.log ; exit $PIPESTATUS &quot;" stackTrace="   at Kudu.Core.Infrastructure.Executable.ExecuteInternal(ITracer tracer, Func`2 onWriteOutput, Func`2 onWriteError, CancellationToken token, Encoding encoding, String arguments, Object[] args) in /tmp/KuduLite/Kudu.Core/Infrastructure/Executable.cs:line 239
   at Kudu.Core.Infrastructure.Executable.ExecuteWithProgressWriter(ILogger logger, ITracer tracer, CancellationToken token, String arguments, Object[] args) in /tmp/KuduLite/Kudu.Core/Infrastructure/Executable.cs:line 118
   at Kudu.Core.Deployment.Generator.ExternalCommandBuilder.RunCommand(DeploymentContext context, String command, Boolean ignoreManifest, CancellationToken token, String message) in /tmp/KuduLite/Kudu.Core/Deployment/Generator/ExternalCommandBuilder.cs:line 122
   at Kudu.Core.Deployment.Generator.OryxBuilder.RunBuildCommand(IOryxArguments args, DeploymentContext context, CancellationToken token) in /tmp/KuduLite/Kudu.Core/Deployment/Generator/OryxBuilder.cs:line 282
   at Kudu.Core.Deployment.Generator.OryxBuilder.Build(DeploymentContext context, CancellationToken token) in /tmp/KuduLite/Kudu.Core/Deployment/Generator/OryxBuilder.cs:line 123
   at Kudu.Core.Deployment.DeploymentManager.Build(ChangeSet changeSet, ITracer tracer, IDisposable deployStep, IRepository repository, DeploymentInfoBase deploymentInfo, DeploymentAnalytics deploymentAnalytics, Boolean fullBuildByDefault, CancellationToken cancellationToken) in /tmp/KuduLite/Kudu.Core/Deployment/DeploymentManager.cs:line 771
   at Kudu.Core.Deployment.DeploymentManager.Build(ChangeSet changeSet, ITracer tracer, IDisposable deployStep, IRepository repository, DeploymentInfoBase deploymentInfo, DeploymentAnalytics deploymentAnalytics, Boolean fullBuildByDefault, CancellationToken cancellationToken) in /tmp/KuduLite/Kudu.Core/Deployment/DeploymentManager.cs:line 840
   at Kudu.Core.Deployment.DeploymentManager.DeployAsync(IRepository repository, ChangeSet changeSet, String deployer, Boolean clean, DeploymentInfoBase deploymentInfo, Boolean needFileUpdate, Boolean fullBuildByDefault) in /tmp/KuduLite/Kudu.Core/Deployment/DeploymentManager.cs:line 266" /><!-- duration: 3ms -->
        <step title="Marking deployment as failed and cleaning up the temp deployment" date="2025-07-15T06:00:45.360" /><!-- duration: 3ms -->
      </step><!-- duration: 232379ms -->
      <step title="Error occurred" date="2025-07-15T06:00:45.457" type="error" text="One or more errors occurred. (Deployment failed)" stackTrace="   at System.Threading.Tasks.Task.ThrowIfExceptional(Boolean includeTaskCanceledExceptions)
   at System.Threading.Tasks.Task.Wait(Int32 millisecondsTimeout, CancellationToken cancellationToken)
   at System.Threading.Tasks.Task.Wait()
   at Kudu.Core.Deployment.FetchDeploymentManager.&lt;&gt;c__DisplayClass22_1.&lt;PerformBackgroundDeployment&gt;b__3() in /tmp/KuduLite/Kudu.Core/Deployment/FetchDeploymentManager.cs:line 414
   at Kudu.Contracts.Infrastructure.LockExtensions.TryLockOperation(IOperationLock lockObj, Action operation, String operationName, TimeSpan timeout) in /tmp/KuduLite/Kudu.Contracts/Infrastructure/LockExtensions.cs:line 34
   at Kudu.Contracts.Infrastructure.LockExtensions.LockOperation(IOperationLock lockObj, Action operation, String operationName, TimeSpan timeout) in /tmp/KuduLite/Kudu.Contracts/Infrastructure/LockExtensions.cs:line 46
   at Kudu.Core.Deployment.FetchDeploymentManager.&lt;&gt;c__DisplayClass22_0.&lt;PerformBackgroundDeployment&gt;b__1() in /tmp/KuduLite/Kudu.Core/Deployment/FetchDeploymentManager.cs:line 393" innerText="Deployment failed" innerStackTrace="   at Kudu.Core.Deployment.DeploymentManager.DeployAsync(IRepository repository, ChangeSet changeSet, String deployer, Boolean clean, DeploymentInfoBase deploymentInfo, Boolean needFileUpdate, Boolean fullBuildByDefault) in /tmp/KuduLite/Kudu.Core/Deployment/DeploymentManager.cs:line 307
   at Kudu.Core.Deployment.FetchDeploymentManager.PerformDeployment(DeploymentInfoBase deploymentInfo, IDisposable tempDeployment, ChangeSet tempChangeSet, DeployStatusApiResult updateStatusObj) in /tmp/KuduLite/Kudu.Core/Deployment/FetchDeploymentManager.cs:line 230" /><!-- duration: 2ms -->
    </step><!-- duration: 232427ms -->
