<step title="Incoming Request" date="2025-07-15T01:30:15.084" instance="0d31d1" url="/api/zipdeploy?isAsync=true&amp;deployer=GITHUB_ZIP_DEPLOY&amp;message=%7B%22type%22%3A%22deployment%22%2C%22sha%22%3A%222a1d8be139dc91c1a1e98874cee98c5d89349a50%22%2C%22repoName%22%3A%22pyanagiya%2Fweb-ui%22%2C%22actor%22%3A%22pyanagiya%22%2C%22slotName%22%3A%22Production%22%2C%22commitMessage%22%3A%22docs%3A%20Update%20GitHub%20Secrets%20setup%20guide%20with%20Production%20environment%20configuration%22%7D" method="POST" type="request" pid="821,1,87" Host="teios-ai-webui-iymm4la6qt4mo.scm.azurewebsites.net" User-Agent="GITHUBACTIONS_DeployWebAppToAzure_4e6a2630e9303da1851c0d1ad11b68a1432fd8a4815e010102b445b2f37eac45" Authorization="Bea..." Content-Type="application/octet-stream" Cookie="ARRAffinity=0d31d1e3b555b28bd1e1102783713510cb4a14cdd5a5d2b6e8d65e88240d42a3;Path=/;HttpOnly;Secure;Domain=teios-ai-webui-iymm4la6qt4mo.scm.azurewebsites.net; ARRAffinitySameSite=0d31d1e3b555b28bd1e1102783713510cb4a14cdd5a5d2b6e8d65e88240d42a3;Path=/;HttpOnly;SameSite=None;Secure;Domain=teios-ai-webui-iymm4la6qt4mo.scm.azurewebsites.net" Transfer-Encoding="chunked" X-ARR-LOG-ID="00282ceb-f9de-4c56-a708-8d929e2ad212" CLIENT-IP="135.119.236.48:52224" X-SITE-DEPLOYMENT-ID="teios-ai-webui-iymm4la6qt4mo" WAS-DEFAULT-HOSTNAME="teios-ai-webui-iymm4la6qt4mo.scm.azurewebsites.net" X-Forwarded-Proto="https" X-AppService-Proto="https" X-Forwarded-TlsVersion="1.3" X-WAWS-Unencoded-URL="/api/zipdeploy?isAsync=true&amp;deployer=GITHUB_ZIP_DEPLOY&amp;message=%7B%22type%22%3A%22deployment%22%2C%22sha%22%3A%222a1d8be139dc91c1a1e98874cee98c5d89349a50%22%2C%22repoName%22%3A%22pyanagiya%2Fweb-ui%22%2C%22actor%22%3A%22pyanagiya%22%2C%22slotName%22%3A%22Production%22%2C%22commitMessage%22%3A%22docs%3A%20Update%20GitHub%20Secrets%20setup%20guide%20with%20Production%20environment%20configuration%22%7D" X-Client-IP="135.119.236.48" X-Client-Port="52224" >
  <step title="ZipPushDeploy" date="2025-07-15T01:30:15.123" >
    <step title="ZipDeploy. Extract zip." date="2025-07-15T01:30:15.133" /><!-- duration: 2ms -->
    <step title="Starting PushDeployAsync" date="2025-07-15T01:30:15.138" /><!-- duration: 2ms -->
    <step title="Writing artifact to /tmp/zipdeploy/ed22f612-a920-4c46-9464-3e5d2dcbea43.zip" date="2025-07-15T01:30:15.151" >
      <step title="Writing multipart request body to /tmp/zipdeploy/ed22f612-a920-4c46-9464-3e5d2dcbea43.zip" date="2025-07-15T01:30:15.165" /><!-- duration: 3ms -->
    </step><!-- duration: 225ms -->
    <step title="Start deployment in the background" date="2025-07-15T01:30:15.383" >
      <step title="Acquiring Deployment Lock" date="2025-07-15T01:30:15.397" /><!-- duration: 2ms -->
      <step title="Acquired Deployment Lock" date="2025-07-15T01:30:15.428" /><!-- duration: 2ms -->
    </step><!-- duration: 123ms -->
  </step><!-- duration: 391ms -->
  <step title="Outgoing response" date="2025-07-15T01:30:15.518" type="response" statusCode="202" statusText="Accepted" /><!-- duration: 3ms -->
</step><!-- duration: 438ms -->
