<step title="Incoming Request" date="2025-07-15T07:18:30.097" instance="0d31d1" url="/api/zipdeploy?isAsync=true&amp;deployer=GITHUB_ZIP_DEPLOY&amp;message=%7B%22type%22%3A%22deployment%22%2C%22sha%22%3A%227db1fc8d9b686e10730b577f3d43e228b7a4713f%22%2C%22repoName%22%3A%22pyanagiya%2Fweb-ui%22%2C%22actor%22%3A%22pyanagiya%22%2C%22slotName%22%3A%22Production%22%2C%22commitMessage%22%3A%22Switch%20to%20pre-built%20deployment%20approach%5Cn%5Cn-%20Disable%20SCM_DO_BUILD_DURING_DEPLOYMENT%20(false)%5Cn-%20Enable%20WEBSITE_RUN_FROM_PACKAGE%20(1)%20for%20zip-based%20execution%5Cn-%20Install%20production%20dependencies%20in%20deployment%20package%5Cn-%20Avoid%20Azure%20build%20system%20issues%20by%20using%20pre-built%20artifacts%22%7D" method="POST" type="request" pid="820,1,7" Host="teios-ai-webui-iymm4la6qt4mo.scm.azurewebsites.net" User-Agent="GITHUBACTIONS_DeployWebAppToAzure_4e6a2630e9303da1851c0d1ad11b68a1432fd8a4815e010102b445b2f37eac45" Authorization="Bea..." Content-Type="application/octet-stream" Cookie="ARRAffinity=0d31d1e3b555b28bd1e1102783713510cb4a14cdd5a5d2b6e8d65e88240d42a3;Path=/;HttpOnly;Secure;Domain=teios-ai-webui-iymm4la6qt4mo.scm.azurewebsites.net; ARRAffinitySameSite=0d31d1e3b555b28bd1e1102783713510cb4a14cdd5a5d2b6e8d65e88240d42a3;Path=/;HttpOnly;SameSite=None;Secure;Domain=teios-ai-webui-iymm4la6qt4mo.scm.azurewebsites.net" Transfer-Encoding="chunked" X-ARR-LOG-ID="a04eca29-42cc-4818-be60-8474f078637a" CLIENT-IP="52.159.244.81:12224" X-SITE-DEPLOYMENT-ID="teios-ai-webui-iymm4la6qt4mo" WAS-DEFAULT-HOSTNAME="teios-ai-webui-iymm4la6qt4mo.scm.azurewebsites.net" X-Forwarded-Proto="https" X-AppService-Proto="https" X-Forwarded-TlsVersion="1.3" X-WAWS-Unencoded-URL="/api/zipdeploy?isAsync=true&amp;deployer=GITHUB_ZIP_DEPLOY&amp;message=%7B%22type%22%3A%22deployment%22%2C%22sha%22%3A%227db1fc8d9b686e10730b577f3d43e228b7a4713f%22%2C%22repoName%22%3A%22pyanagiya%2Fweb-ui%22%2C%22actor%22%3A%22pyanagiya%22%2C%22slotName%22%3A%22Production%22%2C%22commitMessage%22%3A%22Switch%20to%20pre-built%20deployment%20approach%5Cn%5Cn-%20Disable%20SCM_DO_BUILD_DURING_DEPLOYMENT%20(false)%5Cn-%20Enable%20WEBSITE_RUN_FROM_PACKAGE%20(1)%20for%20zip-based%20execution%5Cn-%20Install%20production%20dependencies%20in%20deployment%20package%5Cn-%20Avoid%20Azure%20build%20system%20issues%20by%20using%20pre-built%20artifacts%22%7D" X-Client-IP="52.159.244.81" X-Client-Port="12224" >
  <step title="ZipPushDeploy" date="2025-07-15T07:18:30.759" >
    <step title="ZipDeploy. Run from package." date="2025-07-15T07:18:30.768" /><!-- duration: 2ms -->
    <step title="None repository commit" date="2025-07-15T07:18:30.777" >
      <step title="Commit id: 484541e3-0e80-4eac-9ed0-eb504884a055" date="2025-07-15T07:18:30.779" Message="N/A" AuthorName="N/A" AuthorEmail="N/A" /><!-- duration: 2ms -->
    </step><!-- duration: 6ms -->
    <step title="Starting PushDeployAsync" date="2025-07-15T07:18:30.786" /><!-- duration: 2ms -->
    <step title="WEBSITE_RUN_FROM_PACKAGE is set to 1. Writing zip to SitePackagesPath" date="2025-07-15T07:18:30.798" /><!-- duration: 2ms -->
    <step title="Copying zip to SitePackages /home/data/SitePackages/20250715071830.zip from request body" date="2025-07-15T07:18:30.818" /><!-- duration: 8ms -->
    <step title="Writing multipart request body to /home/data/SitePackages/20250715071830.zip" date="2025-07-15T07:18:30.829" /><!-- duration: 2ms -->
    <step title="Start deployment in the background" date="2025-07-15T07:18:37.419" >
      <step title="Acquiring Deployment Lock" date="2025-07-15T07:18:37.478" /><!-- duration: 2ms -->
      <step title="Acquired Deployment Lock" date="2025-07-15T07:18:37.527" /><!-- duration: 5ms -->
    </step><!-- duration: 493ms -->
  </step><!-- duration: 7168ms -->
  <step title="Outgoing response" date="2025-07-15T07:18:37.949" type="response" statusCode="202" statusText="Accepted" /><!-- duration: 2ms -->
</step><!-- duration: 7857ms -->
