<step title="Incoming Request" date="2025-07-15T07:30:04.592" instance="0d31d1" url="/api/zipdeploy?isAsync=true&amp;deployer=GITHUB_ZIP_DEPLOY&amp;message=%7B%22type%22%3A%22deployment%22%2C%22sha%22%3A%22246daa485d4cf40cff3664295e380c56e7b6299b%22%2C%22repoName%22%3A%22pyanagiya%2Fweb-ui%22%2C%22actor%22%3A%22pyanagiya%22%2C%22slotName%22%3A%22Production%22%2C%22commitMessage%22%3A%22Fix%20Next.js%20module%20not%20found%20error%5Cn%5Cn-%20Change%20WEBSITE_RUN_FROM_PACKAGE%3D0%20for%20file%20system%20deployment%5Cn-%20Use%20npm%20ci%20--omit%3Ddev%20for%20cleaner%20production%20dependencies%5Cn-%20Add%20Next.js%20installation%20verification%5Cn-%20Improve%20deployment%20package%20debugging%20information%22%7D" method="POST" type="request" pid="820,1,18" Host="teios-ai-webui-iymm4la6qt4mo.scm.azurewebsites.net" User-Agent="GITHUBACTIONS_DeployWebAppToAzure_4e6a2630e9303da1851c0d1ad11b68a1432fd8a4815e010102b445b2f37eac45" Authorization="Bea..." Content-Type="application/octet-stream" Cookie="ARRAffinity=0d31d1e3b555b28bd1e1102783713510cb4a14cdd5a5d2b6e8d65e88240d42a3;Path=/;HttpOnly;Secure;Domain=teios-ai-webui-iymm4la6qt4mo.scm.azurewebsites.net; ARRAffinitySameSite=0d31d1e3b555b28bd1e1102783713510cb4a14cdd5a5d2b6e8d65e88240d42a3;Path=/;HttpOnly;SameSite=None;Secure;Domain=teios-ai-webui-iymm4la6qt4mo.scm.azurewebsites.net" Transfer-Encoding="chunked" X-ARR-LOG-ID="32044395-09aa-42b8-8c79-5adad7fbab06" CLIENT-IP="145.132.102.244:46112" X-SITE-DEPLOYMENT-ID="teios-ai-webui-iymm4la6qt4mo" WAS-DEFAULT-HOSTNAME="teios-ai-webui-iymm4la6qt4mo.scm.azurewebsites.net" X-Forwarded-Proto="https" X-AppService-Proto="https" X-Forwarded-TlsVersion="1.3" X-WAWS-Unencoded-URL="/api/zipdeploy?isAsync=true&amp;deployer=GITHUB_ZIP_DEPLOY&amp;message=%7B%22type%22%3A%22deployment%22%2C%22sha%22%3A%22246daa485d4cf40cff3664295e380c56e7b6299b%22%2C%22repoName%22%3A%22pyanagiya%2Fweb-ui%22%2C%22actor%22%3A%22pyanagiya%22%2C%22slotName%22%3A%22Production%22%2C%22commitMessage%22%3A%22Fix%20Next.js%20module%20not%20found%20error%5Cn%5Cn-%20Change%20WEBSITE_RUN_FROM_PACKAGE%3D0%20for%20file%20system%20deployment%5Cn-%20Use%20npm%20ci%20--omit%3Ddev%20for%20cleaner%20production%20dependencies%5Cn-%20Add%20Next.js%20installation%20verification%5Cn-%20Improve%20deployment%20package%20debugging%20information%22%7D" X-Client-IP="145.132.102.244" X-Client-Port="46112" >
  <step title="Cleanup Xml Logs" date="2025-07-15T07:30:04.605" /><!-- duration: 47ms -->
  <step title="ZipPushDeploy" date="2025-07-15T07:30:04.829" >
    <step title="ZipDeploy. Run from package." date="2025-07-15T07:30:04.887" /><!-- duration: 50ms -->
    <step title="Starting PushDeployAsync" date="2025-07-15T07:30:04.993" /><!-- duration: 3ms -->
    <step title="WEBSITE_RUN_FROM_PACKAGE is set to 1. Writing zip to SitePackagesPath" date="2025-07-15T07:30:05.082" /><!-- duration: 37ms -->
    <step title="Copying zip to SitePackages /home/data/SitePackages/20250715073004.zip from request body" date="2025-07-15T07:30:05.141" /><!-- duration: 20ms -->
    <step title="Writing multipart request body to /home/data/SitePackages/20250715073004.zip" date="2025-07-15T07:30:05.198" /><!-- duration: 19ms -->
    <step title="Start deployment in the background" date="2025-07-15T07:30:15.773" >
      <step title="Acquiring Deployment Lock" date="2025-07-15T07:30:15.831" /><!-- duration: 11ms -->
      <step title="Acquired Deployment Lock" date="2025-07-15T07:30:15.958" /><!-- duration: 18ms -->
    </step><!-- duration: 312ms -->
  </step><!-- duration: 11274ms -->
  <step title="Outgoing response" date="2025-07-15T07:30:16.120" type="response" statusCode="202" statusText="Accepted" /><!-- duration: 2ms -->
</step><!-- duration: 11538ms -->
