<step title="Incoming Request" date="2025-07-15T06:42:56.907" instance="0d31d1" url="/api/zipdeploy?isAsync=true&amp;deployer=GITHUB_ZIP_DEPLOY&amp;message=%7B%22type%22%3A%22deployment%22%2C%22sha%22%3A%2223abf7b921b976eedda6eeb2e8fa9207b1c3e4aa%22%2C%22repoName%22%3A%22pyanagiya%2Fweb-ui%22%2C%22actor%22%3A%22pyanagiya%22%2C%22slotName%22%3A%22Production%22%2C%22commitMessage%22%3A%22Fix%20deployment%20package%20creation%20-%20handle%20missing%20directories%5Cn%5Cn-%20Add%20conditional%20checks%20for%20public%2C%20styles%2C%20and%20app%20directories%5Cn-%20Only%20copy%20directories%20that%20exist%20to%20avoid%20build%20failures%5Cn-%20Add%20deployment%20package%20verification%20listing%5Cn-%20Ensure%20robust%20deployment%20package%20creation%22%7D" method="POST" type="request" pid="823,1,62" Host="teios-ai-webui-iymm4la6qt4mo.scm.azurewebsites.net" User-Agent="GITHUBACTIONS_DeployWebAppToAzure_4e6a2630e9303da1851c0d1ad11b68a1432fd8a4815e010102b445b2f37eac45" Authorization="Bea..." Content-Type="application/octet-stream" Cookie="ARRAffinity=0d31d1e3b555b28bd1e1102783713510cb4a14cdd5a5d2b6e8d65e88240d42a3;Path=/;HttpOnly;Secure;Domain=teios-ai-webui-iymm4la6qt4mo.scm.azurewebsites.net; ARRAffinitySameSite=0d31d1e3b555b28bd1e1102783713510cb4a14cdd5a5d2b6e8d65e88240d42a3;Path=/;HttpOnly;SameSite=None;Secure;Domain=teios-ai-webui-iymm4la6qt4mo.scm.azurewebsites.net" Transfer-Encoding="chunked" X-ARR-LOG-ID="1c941564-7c83-444c-8f05-95b41706ab68" CLIENT-IP="64.236.142.131:61464" X-SITE-DEPLOYMENT-ID="teios-ai-webui-iymm4la6qt4mo" WAS-DEFAULT-HOSTNAME="teios-ai-webui-iymm4la6qt4mo.scm.azurewebsites.net" X-Forwarded-Proto="https" X-AppService-Proto="https" X-Forwarded-TlsVersion="1.3" X-WAWS-Unencoded-URL="/api/zipdeploy?isAsync=true&amp;deployer=GITHUB_ZIP_DEPLOY&amp;message=%7B%22type%22%3A%22deployment%22%2C%22sha%22%3A%2223abf7b921b976eedda6eeb2e8fa9207b1c3e4aa%22%2C%22repoName%22%3A%22pyanagiya%2Fweb-ui%22%2C%22actor%22%3A%22pyanagiya%22%2C%22slotName%22%3A%22Production%22%2C%22commitMessage%22%3A%22Fix%20deployment%20package%20creation%20-%20handle%20missing%20directories%5Cn%5Cn-%20Add%20conditional%20checks%20for%20public%2C%20styles%2C%20and%20app%20directories%5Cn-%20Only%20copy%20directories%20that%20exist%20to%20avoid%20build%20failures%5Cn-%20Add%20deployment%20package%20verification%20listing%5Cn-%20Ensure%20robust%20deployment%20package%20creation%22%7D" X-Client-IP="64.236.142.131" X-Client-Port="61464" >
  <step title="ZipPushDeploy" date="2025-07-15T06:42:57.024" >
    <step title="ZipDeploy. Extract zip. Remote build." date="2025-07-15T06:42:57.054" /><!-- duration: 9ms -->
    <step title="Starting PushDeployAsync" date="2025-07-15T06:42:57.074" /><!-- duration: 16ms -->
    <step title="Writing artifact to /tmp/zipdeploy/5ae91f7f-3195-47d8-b612-59a49d042285.zip" date="2025-07-15T06:42:57.139" >
      <step title="Writing multipart request body to /tmp/zipdeploy/5ae91f7f-3195-47d8-b612-59a49d042285.zip" date="2025-07-15T06:42:57.152" /><!-- duration: 36ms -->
    </step><!-- duration: 138ms -->
    <step title="Start deployment in the background" date="2025-07-15T06:42:57.325" >
      <step title="Acquiring Deployment Lock" date="2025-07-15T06:42:57.396" /><!-- duration: 18ms -->
      <step title="Acquired Deployment Lock" date="2025-07-15T06:42:57.472" /><!-- duration: 7ms -->
    </step><!-- duration: 348ms -->
  </step><!-- duration: 688ms -->
  <step title="Outgoing response" date="2025-07-15T06:42:57.731" type="response" statusCode="202" statusText="Accepted" /><!-- duration: 9ms -->
</step><!-- duration: 842ms -->
