<step title="BackgroundTrace" date="2025-07-15T05:03:36.536" instance="0d31d1" url="/api/zipdeploy" method="POST" >
  <step title="Cleanup Xml Logs" date="2025-07-15T05:03:36.539" /><!-- duration: 8ms -->
  <step title="Creating temporary deployment - FetchDeploymentManager" date="2025-07-15T05:03:36.664" /><!-- duration: 2ms -->
  <step title="Creating temporary deployment" date="2025-07-15T05:03:36.678" /><!-- duration: 88ms -->
  <step title="Performing fetch based deployment" date="2025-07-15T05:03:36.842" >
    <step title="Cleaning up temp folders from previous zip deployments and extracting pushed zip file /tmp/zipdeploy/1bc2ab97-dc5e-458e-94fa-20404dee4294.zip (177.94 MB) to /tmp/zipdeploy/extracted" date="2025-07-15T05:03:38.240" >
      <step title="ChmodRecursive Process exited with total time taken in ms: 68" date="2025-07-15T05:05:14.286" /><!-- duration: 6ms -->
    </step><!-- duration: 96058ms -->
    <step title="Deployment timer started" date="2025-07-15T05:05:16.333" >
      <step title="DeploymentManager.Deploy(id:825fc1fd-a697-489a-9953-31346b677f94)" date="2025-07-15T05:05:16.350" >
        <step title="Collecting changeset information" date="2025-07-15T05:05:16.370" /><!-- duration: 94ms -->
        <step title="Updating submodules" date="2025-07-15T05:05:16.469" /><!-- duration: 1086ms -->
        <step title="Determining deployment builder" date="2025-07-15T05:05:17.728" >
          <step title="Builder is BasicBuilder" date="2025-07-15T05:05:17.751" /><!-- duration: 9ms -->
        </step><!-- duration: 35ms -->
        <step title="PreDeployment: context.CleanOutputPath False" date="2025-07-15T05:05:17.805" >
          <step title="PreDeployment: context.OutputPath /home/site/wwwroot" date="2025-07-15T05:05:17.897" >
            <step title="Building" date="2025-07-15T05:05:17.987" >
              <step title="Executing external process" date="2025-07-15T05:05:18.651" type="process" path="starter.sh" arguments="/opt/Kudu/Scripts/absoluteTar.sh /tmp/zipdeploy/extracted/node_modules /tmp/zipdeploy/extracted/node_modules.tar.gz" >
                <step title="Cpu: gzip(952,33.110s)+sh(951,0.000s)+tar(950,2.750s)+absoluteTar.sh(949,0.020s)=total(35.870s)" date="2025-07-15T05:06:19.272" /><!-- duration: 11ms -->
                <step title="starter.sh: no io activity for 60s, prev-cpu=-1.000s, current-cpu=35.870s" date="2025-07-15T05:06:19.301" /><!-- duration: 9ms -->
                <step title="Cpu: gzip(952,46.990s)+sh(951,0.000s)+tar(950,3.120s)+absoluteTar.sh(949,0.020s)=total(50.130s)" date="2025-07-15T05:07:20.304" /><!-- duration: 20ms -->
                <step title="starter.sh: no io activity for 121s, prev-cpu=35.870s, current-cpu=50.130s" date="2025-07-15T05:07:20.418" /><!-- duration: 87ms -->
                <step title="Cpu: gzip(952,66.220s)+sh(951,0.000s)+tar(950,6.090s)+absoluteTar.sh(949,0.020s)=total(72.310s)" date="2025-07-15T05:08:21.068" /><!-- duration: 9ms -->
                <step title="starter.sh: no io activity for 182s, prev-cpu=50.130s, current-cpu=72.310s" date="2025-07-15T05:08:21.096" /><!-- duration: 12ms -->
              </step><!-- duration: 204375ms -->
              <step title="Executing external process" date="2025-07-15T05:08:43.242" type="process" path="starter.sh" arguments="/opt/Kudu/Scripts/parallel_rsync.sh /tmp/zipdeploy/extracted /home/site/wwwroot 8 /tmp/ False True node_modules " /><!-- duration: 10836ms -->
              <step title="Triggering recycle (preview mode disabled)." date="2025-07-15T05:08:54.797" /><!-- duration: 3ms -->
              <step title="Modified file to trigger a restart of the app container." date="2025-07-15T05:08:54.829" /><!-- duration: 2ms -->
              <step title="Skip function trigger and logicapp sync because function is not enabled." date="2025-07-15T05:08:54.838" /><!-- duration: 2ms -->
            </step><!-- duration: 217397ms -->
          </step><!-- duration: 217496ms -->
          <step title="Cleaning up temp files" date="2025-07-15T05:08:55.395" /><!-- duration: 9ms -->
          <step title="Cleaning up temp files" date="2025-07-15T05:08:55.415" /><!-- duration: 509ms -->
          <step title="Reloading status file with latest updates" date="2025-07-15T05:08:55.952" >
            <step title="WebHooksManager.PublishEventAsync: PostDeployment" date="2025-07-15T05:08:55.963" /><!-- duration: 130ms -->
          </step><!-- duration: 143ms -->
          <step title="Cleaning up temporary deployment - fetch deployment was successful" date="2025-07-15T05:08:56.105" /><!-- duration: 2ms -->
        </step><!-- duration: 218350ms -->
      </step><!-- duration: 219819ms -->
